[
  { "phrase": "Hola", "translation": "Hello", "ipa": "ˈo.la", "tag": "greeting" },
  { "phrase": "Gracias", "translation": "Thank you", "ipa": "ˈɡɾa.sjas", "tag": "courtesy" },
  { "phrase": "Por favor", "translation": "Please", "ipa": "poɾ faˈβoɾ", "tag": "courtesy" },
  { "phrase": "Buenos días", "translation": "Good morning", "ipa": "ˈbwenos ˈdi.as", "tag": "greeting" },
  { "phrase": "Buenas tardes", "translation": "Good afternoon", "ipa": "ˈbwenas ˈtaɾðes", "tag": "greeting" },
  { "phrase": "Buenas noches", "translation": "Good evening", "ipa": "ˈbwenas ˈnotʃes", "tag": "greeting" },
  { "phrase": "Adiós", "translation": "Goodbye", "ipa": "aðiˈos", "tag": "greeting" },
  { "phrase": "Sí", "translation": "Yes", "ipa": "si", "tag": "basic" },
  { "phrase": "No", "translation": "No", "ipa": "no", "tag": "basic" },
  { "phrase": "Perdón", "translation": "Excuse me", "ipa": "peɾˈðon", "tag": "courtesy" },
  { "phrase": "Lo siento", "translation": "I'm sorry", "ipa": "lo ˈsjento", "tag": "courtesy" },
  { "phrase": "¿Cómo estás?", "translation": "How are you?", "ipa": "ˈkomo esˈtas", "tag": "conversation" },
  { "phrase": "¿Cómo te llamas?", "translation": "What's your name?", "ipa": "ˈkomo te ˈʝa.mas", "tag": "conversation" },
  { "phrase": "Me llamo…", "translation": "My name is …", "ipa": "me ˈʝa.mo", "tag": "conversation" },
  { "phrase": "Mucho gusto", "translation": "Nice to meet you", "ipa": "ˈmutʃo ˈɡus.to", "tag": "conversation" },
  { "phrase": "¿Dónde está el baño?", "translation": "Where is the bathroom?", "ipa": "ˈdon.de esˈta el ˈβa.ɲo", "tag": "travel" },
  { "phrase": "¿Cuánto cuesta?", "translation": "How much does it cost?", "ipa": "ˈkwan.to ˈkwes.ta", "tag": "shopping" },
  { "phrase": "No entiendo", "translation": "I don't understand", "ipa": "no enˈtjen.do", "tag": "conversation" },
  { "phrase": "¿Hablas inglés?", "translation": "Do you speak English?", "ipa": "ˈa.βlas iŋˈɡles", "tag": "conversation" },
  { "phrase": "¡Ayuda!", "translation": "Help!", "ipa": "aˈʝu.ða", "tag": "emergency" },
  { "phrase": "Necesito un médico", "translation": "I need a doctor", "ipa": "ne.seˈsi.to un ˈme.ði.ko", "tag": "emergency" },
  { "phrase": "Agua", "translation": "Water", "ipa": "ˈa.ɣwa", "tag": "food" },
  { "phrase": "Café", "translation": "Coffee", "ipa": "kaˈfe", "tag": "food" },
  { "phrase": "Té", "translation": "Tea", "ipa": "te", "tag": "food" },
  { "phrase": "Desayuno", "translation": "Breakfast", "ipa": "des.aˈʝu.no", "tag": "food" },
  { "phrase": "Almuerzo", "translation": "Lunch", "ipa": "alˈmweɾ.so", "tag": "food" },
  { "phrase": "Cena", "translation": "Dinner", "ipa": "ˈse.na", "tag": "food" },
  { "phrase": "La cuenta, por favor", "translation": "Check, please", "ipa": "la ˈkwen.ta poɾ faˈβoɾ", "tag": "food" },
  { "phrase": "¡Salud!", "translation": "Cheers!", "ipa": "saˈlud", "tag": "social" },
  { "phrase": "¿Dónde está …?", "translation": "Where is …?", "ipa": "ˈdon.de esˈta", "tag": "travel" },
  { "phrase": "¿Cómo llego a …?", "translation": "How do I get to …?", "ipa": "ˈkomo ˈʝe.ɣo a", "tag": "travel" },
  { "phrase": "Gire a la izquierda", "translation": "Turn left", "ipa": "ˈxi.ɾe a la isˈkjeɾ.ða", "tag": "directions" },
  { "phrase": "Gire a la derecha", "translation": "Turn right", "ipa": "ˈxi.ɾe a la ðeˈɾe.tʃa", "tag": "directions" },
  { "phrase": "Derecho", "translation": "Straight ahead", "ipa": "deˈɾe.tʃo", "tag": "directions" },
  { "phrase": "Estoy perdido", "translation": "I'm lost", "ipa": "esˈtoj peɾˈði.ðo", "tag": "directions" },
  { "phrase": "Autobús", "translation": "Bus", "ipa": "aw.toˈβus", "tag": "travel" },
  { "phrase": "Tren", "translation": "Train", "ipa": "tɾen", "tag": "travel" },
  { "phrase": "Aeropuerto", "translation": "Airport", "ipa": "ae.ɾoˈpweɾ.to", "tag": "travel" },
  { "phrase": "Hotel", "translation": "Hotel", "ipa": "oˈtel", "tag": "travel" },
  { "phrase": "Taxi", "translation": "Taxi", "ipa": "ˈtak.si", "tag": "travel" },
  { "phrase": "Billete", "translation": "Ticket", "ipa": "biˈʝe.te", "tag": "travel" },
  { "phrase": "Uno, por favor", "translation": "One, please", "ipa": "ˈu.no poɾ faˈβoɾ", "tag": "shopping" },
  { "phrase": "¿Cuántos?", "translation": "How many?", "ipa": "ˈkwan.tos", "tag": "shopping" },
  { "phrase": "Hoy", "translation": "Today", "ipa": "oi", "tag": "time" },
  { "phrase": "Mañana", "translation": "Tomorrow", "ipa": "maˈɲa.na", "tag": "time" },
  { "phrase": "Ayer", "translation": "Yesterday", "ipa": "aˈʝeɾ", "tag": "time" },
  { "phrase": "Ahora", "translation": "Now", "ipa": "aˈo.ɾa", "tag": "time" },
  { "phrase": "Luego", "translation": "Later", "ipa": "ˈlwe.ɣo", "tag": "time" },
  { "phrase": "Me gusta", "translation": "I like it", "ipa": "me ˈɣus.ta", "tag": "opinion" },
  { "phrase": "No me gusta", "translation": "I don't like it", "ipa": "no me ˈɣus.ta", "tag": "opinion" }
]